{
  "9836134e-b892-4283-b6b2-78b5acf3ed45": {
    "asset": 1601192580000,
    "meta": 1632668065141,
    "relativePath": "effects"
  },
  "430eccbf-bf2c-4e6e-8c0c-884bbb487f32": {
    "asset": 1601192580000,
    "meta": 1632668065291,
    "relativePath": "effects/__builtin-editor-gizmo-line.effect"
  },
  "6c5cf6e1-b044-4eac-9431-835644d57381": {
    "asset": 1601192580000,
    "meta": 1632668065315,
    "relativePath": "effects/__builtin-editor-gizmo-unlit.effect"
  },
  "115286d1-2e10-49ee-aab4-341583f607e8": {
    "asset": 1601192580000,
    "meta": 1632668065363,
    "relativePath": "effects/__builtin-editor-gizmo.effect"
  },
  "abc2cb62-7852-4525-a90d-d474487b88f2": {
    "asset": 1601192580000,
    "meta": 1632668065488,
    "relativePath": "effects/builtin-phong.effect"
  },
  "e2f00085-c597-422d-9759-52c360279106": {
    "asset": 1601192580000,
    "meta": 1632668065561,
    "relativePath": "effects/builtin-toon.effect"
  },
  "f8e6b000-5643-4b86-9080-aa680ce1f599": {
    "asset": 1601192580000,
    "meta": 1632668065562,
    "relativePath": "image"
  },
  "71561142-4c83-4933-afca-cb7a17f67053": {
    "asset": 1601192580000,
    "meta": 1632668065613,
    "relativePath": "image/default_btn_disabled.png"
  },
  "e851e89b-faa2-4484-bea6-5c01dd9f06e2": {
    "asset": 1601192580000,
    "meta": 1632668065610,
    "relativePath": "image/default_btn_normal.png"
  },
  "edd215b9-2796-4a05-aaf5-81f96c9281ce": {
    "asset": 1601192580000,
    "meta": 1632668065631,
    "relativePath": "image/default_editbox_bg.png"
  },
  "b43ff3c2-02bb-4874-81f7-f2dea6970f18": {
    "asset": 1601192580000,
    "meta": 1632668065633,
    "relativePath": "image/default_btn_pressed.png"
  },
  "99170b0b-d210-46f1-b213-7d9e3f23098a": {
    "asset": 1601192580000,
    "meta": 1632668065668,
    "relativePath": "image/default_progressbar_bg.png"
  },
  "d81ec8ad-247c-4e62-aa3c-d35c4193c7af": {
    "asset": 1601192580000,
    "meta": 1632668065663,
    "relativePath": "image/default_panel.png"
  },
  "cfef78f1-c8df-49b7-8ed0-4c953ace2621": {
    "asset": 1601192580000,
    "meta": 1632668065684,
    "relativePath": "image/default_progressbar.png"
  },
  "567dcd80-8bf4-4535-8a5a-313f1caf078a": {
    "asset": 1601192580000,
    "meta": 1632668065688,
    "relativePath": "image/default_radio_button_off.png"
  },
  "9d60001f-b5f4-4726-a629-2659e3ded0b8": {
    "asset": 1601192580000,
    "meta": 1632668065713,
    "relativePath": "image/default_radio_button_on.png"
  },
  "4bab67cb-18e6-4099-b840-355f0473f890": {
    "asset": 1601192580000,
    "meta": 1632668065715,
    "relativePath": "image/default_scrollbar_bg.png"
  },
  "d6d3ca85-4681-47c1-b5dd-d036a9d39ea2": {
    "asset": 1601192580000,
    "meta": 1632668065735,
    "relativePath": "image/default_scrollbar_vertical.png"
  },
  "617323dd-11f4-4dd3-8eec-0caf6b3b45b9": {
    "asset": 1601192580000,
    "meta": 1632668065737,
    "relativePath": "image/default_scrollbar_vertical_bg.png"
  },
  "0275e94c-56a7-410f-bd1a-fc7483f7d14a": {
    "asset": 1601192580000,
    "meta": 1632668065752,
    "relativePath": "image/default_sprite_splash.png"
  },
  "0291c134-b3da-4098-b7b5-e397edbe947f": {
    "asset": 1601192580000,
    "meta": 1632668065754,
    "relativePath": "image/default_scrollbar.png"
  },
  "73a0903d-d80e-4e3c-aa67-f999543c08f5": {
    "asset": 1601192580000,
    "meta": 1632668065768,
    "relativePath": "image/default_toggle_checkmark.png"
  },
  "6e056173-d285-473c-b206-40a7fff5386e": {
    "asset": 1601192580000,
    "meta": 1632668065769,
    "relativePath": "image/default_sprite.png"
  },
  "c25b9d50-c8fc-4d27-beeb-6e7c1f2e5c0f": {
    "asset": 1601192580000,
    "meta": 1632668065791,
    "relativePath": "image/default_toggle_disabled.png"
  },
  "d29077ba-1627-4a72-9579-7b56a235340c": {
    "asset": 1601192580000,
    "meta": 1632668065793,
    "relativePath": "image/default_toggle_normal.png"
  },
  "b181c1e4-0a72-4a91-bfb0-ae6f36ca60bd": {
    "asset": 1601192580000,
    "meta": 1632668065810,
    "relativePath": "image/default_toggle_pressed.png"
  },
  "5c3eedba-6c41-4c0c-9ba7-d91f813cbd1c": {
    "asset": 1601192580000,
    "meta": 1632668065811,
    "relativePath": "materials"
  },
  "c4480a0a-6ac5-443f-8b40-361a14257fc8": {
    "asset": 1601192580000,
    "meta": 1632668066521,
    "relativePath": "materials/builtin-phong.mtl"
  },
  "fc09f9bd-2cce-4605-b630-8145ef809ed6": {
    "asset": 1601192580000,
    "meta": 1632668065819,
    "relativePath": "misc"
  },
  "600301aa-3357-4a10-b086-84f011fa32ba": {
    "asset": 1601192580000,
    "meta": 1632668065827,
    "relativePath": "image/default-particle.png"
  },
  "db019bf7-f71c-4111-98cf-918ea180cb48": {
    "asset": 1601192580000,
    "meta": 1632668065828,
    "relativePath": "model"
  },
  "e39e96e6-6f6e-413f-bcf1-ac7679bb648a": {
    "asset": 1601192580000,
    "meta": 1632668065829,
    "relativePath": "model/prefab"
  },
  "2be36297-9abb-4fee-8049-9ed5e271da8a": {
    "asset": 1601192580000,
    "meta": 1632668065838,
    "relativePath": "misc/default_video.mp4"
  },
  "fe1417b6-fe6b-46a4-ae7c-9fd331f33a2a": {
    "asset": 1604145428737,
    "meta": 1632668065841,
    "relativePath": "model/prefab/capsule.prefab"
  },
  "a87cc147-01b2-43f8-8e42-a7ca90b0c757": {
    "asset": 1604145428733,
    "meta": 1632668065836,
    "relativePath": "model/prefab/box.prefab"
  },
  "1c5e4038-953a-44c2-b620-0bbfc6170477": {
    "asset": 1604145428745,
    "meta": 1632668065848,
    "relativePath": "model/prefab/cylinder.prefab"
  },
  "b5fc2cf2-7942-483d-be1f-bbeadc4714ad": {
    "asset": 1604145428741,
    "meta": 1632668065845,
    "relativePath": "model/prefab/cone.prefab"
  },
  "6c9ef10d-b479-420b-bfe6-39cdda6a8ae0": {
    "asset": 1604145428750,
    "meta": 1632668065854,
    "relativePath": "model/prefab/quad.prefab"
  },
  "3f376125-a699-40ca-ad05-04d662eaa1f2": {
    "asset": 1604145428752,
    "meta": 1632668065856,
    "relativePath": "model/prefab/plane.prefab"
  },
  "de510076-056b-484f-b94c-83bef217d0e1": {
    "asset": 1604145428796,
    "meta": 1632668065879,
    "relativePath": "model/prefab/torus.prefab"
  },
  "2d9a4b85-b0ab-4c46-84c5-18f393ab2058": {
    "asset": 1604145428759,
    "meta": 1632668065867,
    "relativePath": "model/prefab/sphere.prefab"
  },
  "f6e6dd15-71d1-4ffe-ace7-24fd39942c05": {
    "asset": 1601192580000,
    "meta": 1632668065881,
    "relativePath": "obsolete"
  },
  "8a96b965-2dc0-4e03-aa90-3b79cb93b5b4": {
    "asset": 1601192580000,
    "meta": 1632668065894,
    "relativePath": "obsolete/atom.png"
  },
  "f743d2b6-b7ea-4c14-a55b-547ed4d0a045": {
    "asset": 1601192580000,
    "meta": 1632668065895,
    "relativePath": "particle"
  },
  "b8223619-7e38-47c4-841f-9160c232495a": {
    "asset": 1601192580000,
    "meta": 1632668066558,
    "relativePath": "obsolete/atom.plist"
  },
  "d0a82d39-bede-46c4-b698-c81ff0dedfff": {
    "asset": 1601192580000,
    "meta": 1632668065915,
    "relativePath": "particle/atom.png"
  },
  "ae6c6c98-11e4-452f-8758-75f5c6a56e83": {
    "asset": 1601192580000,
    "meta": 1632668065917,
    "relativePath": "prefab"
  },
  "897ef7a1-4860-4f64-968d-f5924b18668a": {
    "asset": 1604145428833,
    "meta": 1632668065921,
    "relativePath": "prefab/2d-camera.prefab"
  },
  "b2687ac4-099e-403c-a192-ff477686f4f5": {
    "asset": 1601192580000,
    "meta": 1632668066561,
    "relativePath": "particle/atom.plist"
  },
  "70d7cdb0-04cd-41bb-9480-c06a4785f386": {
    "asset": 1604145428836,
    "meta": 1632668065925,
    "relativePath": "prefab/3d-camera.prefab"
  },
  "70bbeb73-6dc2-4ee4-8faf-76b3a0e34ec4": {
    "asset": 1604145428842,
    "meta": 1632668065930,
    "relativePath": "prefab/3d-particle.prefab"
  },
  "ed88f13d-fcad-4848-aa35-65a2cb973584": {
    "asset": 1604145428846,
    "meta": 1632668065938,
    "relativePath": "prefab/3d-stage.prefab"
  },
  "972b9a4d-47ee-4c74-b5c3-61d8a69bc29f": {
    "asset": 1604145428850,
    "meta": 1632668065942,
    "relativePath": "prefab/button.prefab"
  },
  "2c937608-2562-40ea-b264-7395df6f0cea": {
    "asset": 1604145428854,
    "meta": 1632668065945,
    "relativePath": "prefab/canvas.prefab"
  },
  "61aeb05b-3b32-452b-8eed-2b76deeed554": {
    "asset": 1604145428860,
    "meta": 1632668065950,
    "relativePath": "prefab/editbox.prefab"
  },
  "27756ebb-3d33-44b0-9b96-e858fadd4dd4": {
    "asset": 1604145428869,
    "meta": 1632668065954,
    "relativePath": "prefab/label.prefab"
  },
  "785a442c-3ceb-45be-a46e-7317f625f3b9": {
    "asset": 1604145428872,
    "meta": 1632668065961,
    "relativePath": "prefab/layout.prefab"
  },
  "a3ee0214-b432-4865-9666-4a3211814282": {
    "asset": 1601192580000,
    "meta": 1632668065968,
    "relativePath": "prefab/light"
  },
  "61906da3-7003-4bda-9abc-5769c76faee4": {
    "asset": 1604145428876,
    "meta": 1632668065972,
    "relativePath": "prefab/light/ambient.prefab"
  },
  "ddb99b39-7004-47cd-9705-751905c43c46": {
    "asset": 1604145428882,
    "meta": 1632668065976,
    "relativePath": "prefab/light/directional.prefab"
  },
  "0cf30284-9073-46bc-9eba-e62b69dbbff3": {
    "asset": 1604145428885,
    "meta": 1632668065982,
    "relativePath": "prefab/light/point.prefab"
  },
  "f5331fd2-bf42-4ee3-a3fd-3e1657600eff": {
    "asset": 1604145428889,
    "meta": 1632668065991,
    "relativePath": "prefab/light/spot.prefab"
  },
  "ca8401fe-ad6e-41a8-bd46-8e3e4e9945be": {
    "asset": 1604145428895,
    "meta": 1632668066001,
    "relativePath": "prefab/pageview.prefab"
  },
  "cd33edea-55f5-46c2-958d-357a01384a36": {
    "asset": 1604145428898,
    "meta": 1632668066006,
    "relativePath": "prefab/particlesystem.prefab"
  },
  "5965ffac-69da-4b55-bcde-9225d0613c28": {
    "asset": 1604145428902,
    "meta": 1632668066010,
    "relativePath": "prefab/progressBar.prefab"
  },
  "4a37dd57-78cd-4cec-aad4-f11a73d12b63": {
    "asset": 1604145428911,
    "meta": 1632668066014,
    "relativePath": "prefab/richtext.prefab"
  },
  "32044bd2-481f-4cf1-a656-e2b2fb1594eb": {
    "asset": 1604145428922,
    "meta": 1632668066018,
    "relativePath": "prefab/scrollview.prefab"
  },
  "0004d1cf-a0ad-47d8-ab17-34d3db9d35a3": {
    "asset": 1604145428927,
    "meta": 1632668066021,
    "relativePath": "prefab/slider.prefab"
  },
  "1f55e3be-b89b-4b79-88de-47fd31018044": {
    "asset": 1604145428931,
    "meta": 1632668066025,
    "relativePath": "prefab/sprite_splash.prefab"
  },
  "96083d03-c332-4a3f-9386-d03e2d19e8ee": {
    "asset": 1604145428933,
    "meta": 1632668066027,
    "relativePath": "prefab/sprite.prefab"
  },
  "7de03a80-4457-438d-95a7-3e7cdffd6086": {
    "asset": 1604145428939,
    "meta": 1632668066033,
    "relativePath": "prefab/tiledmap.prefab"
  },
  "0e42ba95-1fa1-46aa-b2cf-143cd1bcee2c": {
    "asset": 1604145428942,
    "meta": 1632668066040,
    "relativePath": "prefab/tiledtile.prefab"
  },
  "0d784963-d024-4ea6-a7db-03be0ad63010": {
    "asset": 1604145428945,
    "meta": 1632668066046,
    "relativePath": "prefab/toggle.prefab"
  },
  "bf0a434c-84dd-4a8e-a08a-7a36f180cc75": {
    "asset": 1604145428956,
    "meta": 1632668066050,
    "relativePath": "prefab/toggleContainer.prefab"
  },
  "d1b8be49-b0a0-435c-83b7-552bed4bbe35": {
    "asset": 1604145428979,
    "meta": 1632668066055,
    "relativePath": "prefab/toggleGroup.prefab"
  },
  "232d2782-c4bd-4bb4-9e01-909f03d6d3b9": {
    "asset": 1604145429000,
    "meta": 1632668066064,
    "relativePath": "prefab/videoplayer.prefab"
  },
  "8c5001fd-07ee-4a4b-a8a0-63e15195e94d": {
    "asset": 1604145429015,
    "meta": 1632668066070,
    "relativePath": "prefab/webview.prefab"
  },
  "d8afc78c-4eac-4a9f-83dd-67bc70344d33": {
    "asset": 1601192580000,
    "meta": 1632668066071,
    "relativePath": "resources"
  },
  "294c1663-4adf-4a1e-a795-53808011a38a": {
    "asset": 1601192580000,
    "meta": 1632668066072,
    "relativePath": "resources/effects"
  },
  "30682f87-9f0d-4f17-8a44-72863791461b": {
    "asset": 1601192580000,
    "meta": 1632668066085,
    "relativePath": "resources/effects/builtin-2d-graphics.effect"
  },
  "144c3297-af63-49e8-b8ef-1cfa29b3be28": {
    "asset": 1601192580000,
    "meta": 1632668066098,
    "relativePath": "resources/effects/builtin-2d-gray-sprite.effect"
  },
  "f18742d7-56d2-4eb5-ae49-2d9d710b37c8": {
    "asset": 1601192580000,
    "meta": 1632668066118,
    "relativePath": "resources/effects/builtin-2d-label.effect"
  },
  "0e93aeaa-0b53-4e40-b8e0-6268b4e07bd7": {
    "asset": 1601192580000,
    "meta": 1632668066132,
    "relativePath": "resources/effects/builtin-2d-spine.effect"
  },
  "2874f8dd-416c-4440-81b7-555975426e93": {
    "asset": 1601192580000,
    "meta": 1632668066145,
    "relativePath": "resources/effects/builtin-2d-sprite.effect"
  },
  "829a282c-b049-4019-bd38-5ace8d8a6417": {
    "asset": 1601192580000,
    "meta": 1632668066271,
    "relativePath": "resources/effects/builtin-3d-particle.effect"
  },
  "2a7c0036-e0b3-4fe1-8998-89a54b8a2bec": {
    "asset": 1601192580000,
    "meta": 1632668066303,
    "relativePath": "resources/effects/builtin-3d-trail.effect"
  },
  "c0040c95-c57f-49cd-9cbc-12316b73d0d4": {
    "asset": 1601192580000,
    "meta": 1632668066315,
    "relativePath": "resources/effects/builtin-clear-stencil.effect"
  },
  "6d91e591-4ce0-465c-809f-610ec95019c6": {
    "asset": 1601192580000,
    "meta": 1632668066336,
    "relativePath": "resources/effects/builtin-unlit.effect"
  },
  "bbee2217-c261-49bd-a8ce-708d6bcc3500": {
    "asset": 1601192580000,
    "meta": 1632668066337,
    "relativePath": "resources/materials"
  },
  "6f801092-0c37-4f30-89ef-c8d960825b36": {
    "asset": 1601192580000,
    "meta": 1632668066583,
    "relativePath": "resources/materials/builtin-2d-base.mtl"
  },
  "a153945d-2511-4c14-be7b-05d242f47d57": {
    "asset": 1601192580000,
    "meta": 1632668066584,
    "relativePath": "resources/materials/builtin-2d-graphics.mtl"
  },
  "3a7bb79f-32fd-422e-ada2-96f518fed422": {
    "asset": 1601192580000,
    "meta": 1632668066584,
    "relativePath": "resources/materials/builtin-2d-gray-sprite.mtl"
  },
  "e02d87d4-e599-4d16-8001-e14891ac6506": {
    "asset": 1601192580000,
    "meta": 1632668066585,
    "relativePath": "resources/materials/builtin-2d-label.mtl"
  },
  "7afd064b-113f-480e-b793-8817d19f63c3": {
    "asset": 1601192580000,
    "meta": 1632668066586,
    "relativePath": "resources/materials/builtin-2d-spine.mtl"
  },
  "eca5d2f2-8ef6-41c2-bbe6-f9c79d09c432": {
    "asset": 1601192580000,
    "meta": 1632668066587,
    "relativePath": "resources/materials/builtin-2d-sprite.mtl"
  },
  "432fa09c-cf03-4cff-a186-982604408a07": {
    "asset": 1601192580000,
    "meta": 1632668066588,
    "relativePath": "resources/materials/builtin-3d-particle.mtl"
  },
  "466d4f9b-e5f4-4ea8-85d5-3c6e9a65658a": {
    "asset": 1601192580000,
    "meta": 1632668066590,
    "relativePath": "resources/materials/builtin-3d-trail.mtl"
  },
  "cf7e0bb8-a81c-44a9-ad79-d28d43991032": {
    "asset": 1601192580000,
    "meta": 1632668066619,
    "relativePath": "resources/materials/builtin-clear-stencil.mtl"
  },
  "2a296057-247c-4a1c-bbeb-0548b6c98650": {
    "asset": 1601192580000,
    "meta": 1632668066622,
    "relativePath": "resources/materials/builtin-unlit.mtl"
  },
  "954fec8b-cd16-4bb9-a3b7-7719660e7558": {
    "asset": 1601192580000,
    "meta": 1632668071157,
    "relativePath": "model/primitives.fbx"
  },
  "f927ca92-f89a-4581-8426-a8fd4f49f011": {
    "asset": 1639195258965,
    "meta": 1639210501334,
    "relativePath": "animation"
  },
  "7ec8b3f9-579c-4151-ab73-80972c056b3d": {
    "asset": 1632574663470,
    "meta": 1632574663485,
    "relativePath": "animation/box_outro.anim"
  },
  "9cc756c6-37ea-4208-86fb-df2606e83cf9": {
    "asset": 1632575933570,
    "meta": 1632575933585,
    "relativePath": "animation/box_intro.anim"
  },
  "91672dcc-c497-4b14-9230-877d2436a56d": {
    "asset": 1571754589000,
    "meta": 1627317516642,
    "relativePath": "animation/camera-shake.anim"
  },
  "322b8fe9-e2f0-4c01-9ee2-3b75f8d87311": {
    "asset": 1632575821994,
    "meta": 1632575822004,
    "relativePath": "animation/box_reset.anim"
  },
  "8c44e8a9-b45d-4725-b629-b149880af138": {
    "asset": 1606576389910,
    "meta": 1627317516652,
    "relativePath": "animation/foe0"
  },
  "1210c08c-e904-4e3e-a21c-fd0d37e1e341": {
    "asset": 1614267060310,
    "meta": 1627317516655,
    "relativePath": "animation/figure_breath.anim"
  },
  "63a36a58-98ba-4f77-9c5e-6120f2c1cb39": {
    "asset": 1571754589000,
    "meta": 1627317516661,
    "relativePath": "animation/foe0/dead.anim"
  },
  "3980904f-2668-4307-bef3-304c0b77ef69": {
    "asset": 1571754589000,
    "meta": 1627317516663,
    "relativePath": "animation/foe0/corpse.anim"
  },
  "143b90fb-8b51-4728-9e4e-9a550fd2d07e": {
    "asset": 1571754589000,
    "meta": 1627317516668,
    "relativePath": "animation/foe0/pre_atk_right.anim"
  },
  "e9e7fe7a-ab8f-4b27-a32b-536595eb3b03": {
    "asset": 1571754589000,
    "meta": 1627317516672,
    "relativePath": "animation/foe0/pre_atk_down.anim"
  },
  "069cba4f-3815-45c3-887b-9a0048185590": {
    "asset": 1571754589000,
    "meta": 1627317516676,
    "relativePath": "animation/foe0/pre_atk_up.anim"
  },
  "4a93ce82-d11d-4a05-9299-55fdfa85297e": {
    "asset": 1571754589000,
    "meta": 1627317516677,
    "relativePath": "animation/foe0/run_down.anim"
  },
  "2b429426-6f66-422d-a427-00d051eef396": {
    "asset": 1571754589000,
    "meta": 1627317516679,
    "relativePath": "animation/foe0/run_right.anim"
  },
  "20e3e54f-222d-4daf-ae69-2ae847d30d99": {
    "asset": 1571754589000,
    "meta": 1627317516683,
    "relativePath": "animation/foe0/run_up.anim"
  },
  "ef903960-bc61-430c-aa4f-f1d986c2f6fa": {
    "asset": 1606576389924,
    "meta": 1627317516686,
    "relativePath": "animation/foe1"
  },
  "e1fbeec0-8bdb-4963-a685-65a9321ea5aa": {
    "asset": 1571754589000,
    "meta": 1627317516696,
    "relativePath": "animation/foe1/corpse.anim"
  },
  "efa5c6e2-494b-4a65-800a-428e22eab654": {
    "asset": 1571754589000,
    "meta": 1627317516697,
    "relativePath": "animation/foe0/stand.anim"
  },
  "07c80580-dbf8-4af4-9b45-90779646d058": {
    "asset": 1571754589000,
    "meta": 1627317516700,
    "relativePath": "animation/foe1/dead.anim"
  },
  "33719cfc-6258-42fc-8330-6ba76b174780": {
    "asset": 1571754589000,
    "meta": 1627317516701,
    "relativePath": "animation/foe1/pre_atk_down.anim"
  },
  "f1db3094-e490-4852-900e-cb9acd7eac02": {
    "asset": 1571754589000,
    "meta": 1627317516704,
    "relativePath": "animation/foe1/pre_atk_up.anim"
  },
  "41cdf2ee-204d-4a8d-8199-b108609f6a34": {
    "asset": 1571754589000,
    "meta": 1627317516705,
    "relativePath": "animation/foe1/pre_atk_right.anim"
  },
  "572c5c13-f8fe-4a60-8b5c-5e281474ef94": {
    "asset": 1571754589000,
    "meta": 1627317516714,
    "relativePath": "animation/foe1/run_right.anim"
  },
  "77f175f8-a745-45e3-a547-5ba9912623a3": {
    "asset": 1571754589000,
    "meta": 1627317516716,
    "relativePath": "animation/foe1/run_down.anim"
  },
  "35661aa8-c6ae-440d-bd8e-872f6bb78f24": {
    "asset": 1571754589000,
    "meta": 1627317516719,
    "relativePath": "animation/foe1/stand.anim"
  },
  "d2f62db1-d3d9-4f56-8920-9b5d3511ee9e": {
    "asset": 1606576389940,
    "meta": 1627317516721,
    "relativePath": "animation/foe2"
  },
  "9435e75c-094c-4348-9dcd-d25e88e2e65c": {
    "asset": 1571754589000,
    "meta": 1627317516722,
    "relativePath": "animation/foe1/run_up.anim"
  },
  "604ff83a-854d-42f8-b041-68add80a7aaf": {
    "asset": 1571754589000,
    "meta": 1627317516727,
    "relativePath": "animation/foe2/dead.anim"
  },
  "f067b479-1c6a-4328-9790-46488f15a4b8": {
    "asset": 1571754589000,
    "meta": 1627317516728,
    "relativePath": "animation/foe2/corpse.anim"
  },
  "b27120f1-c170-4a76-9622-fdc1854c3fe0": {
    "asset": 1571754589000,
    "meta": 1627317516734,
    "relativePath": "animation/foe2/pre_atk_down.anim"
  },
  "c7c6b52d-d56a-4d53-bcb6-fb0a447969cb": {
    "asset": 1571754589000,
    "meta": 1627317516735,
    "relativePath": "animation/foe2/pre_atk_right.anim"
  },
  "c3f0dd2d-eecd-4d94-a7f4-8e0fd30e65a9": {
    "asset": 1571754589000,
    "meta": 1627317516738,
    "relativePath": "animation/foe2/run_down.anim"
  },
  "b630e748-6dda-468b-86e0-4aa5af46d90a": {
    "asset": 1571754589000,
    "meta": 1627317516739,
    "relativePath": "animation/foe2/pre_atk_up.anim"
  },
  "971beafc-34d0-4095-893a-92c44d3ecfd3": {
    "asset": 1571754589000,
    "meta": 1627317516745,
    "relativePath": "animation/foe2/run_up.anim"
  },
  "b888effa-e166-4012-acdf-61b60612b41b": {
    "asset": 1571754589000,
    "meta": 1627317516746,
    "relativePath": "animation/foe2/run_right.anim"
  },
  "c7fa74ce-87a2-4ae7-9fe3-b0f70466d0e7": {
    "asset": 1606576389965,
    "meta": 1627317516747,
    "relativePath": "animation/foe3"
  },
  "71ecec3d-d326-4f3b-9b39-71a72b51d5cc": {
    "asset": 1571754589000,
    "meta": 1627317516749,
    "relativePath": "animation/foe3/corpse.anim"
  },
  "9ce31b98-87d6-4deb-bee0-8c8ea8ac951f": {
    "asset": 1571754589000,
    "meta": 1627317516753,
    "relativePath": "animation/foe2/stand.anim"
  },
  "1bc99815-9d05-42c3-9e41-c283a9e707a7": {
    "asset": 1571754589000,
    "meta": 1627317516757,
    "relativePath": "animation/foe3/pre_atk_down.anim"
  },
  "72349fd7-d175-4b00-8aa2-f496e3989cc4": {
    "asset": 1571754589000,
    "meta": 1627317516758,
    "relativePath": "animation/foe3/dead.anim"
  },
  "44a5ee47-dcab-4928-90a1-d62f00587c38": {
    "asset": 1571754589000,
    "meta": 1627317516762,
    "relativePath": "animation/foe3/pre_atk_right.anim"
  },
  "570336eb-4a58-4554-af8c-1544b92aaf4f": {
    "asset": 1571754589000,
    "meta": 1627317516763,
    "relativePath": "animation/foe3/pre_atk_up.anim"
  },
  "162f54da-f571-46cd-a38c-292d76924ddc": {
    "asset": 1639194380012,
    "meta": 1639194380027,
    "relativePath": "animation/foe3/run_right.anim"
  },
  "b4076c9a-a547-44b8-bda3-d08c7755c937": {
    "asset": 1571754589000,
    "meta": 1627317516767,
    "relativePath": "animation/foe3/run_down.anim"
  },
  "5774d8b3-3163-411b-8e93-aeb4eca2487a": {
    "asset": 1571754589000,
    "meta": 1627317516773,
    "relativePath": "animation/foe3/run_up.anim"
  },
  "aea93be4-188f-4d43-8a81-14d242b75443": {
    "asset": 1606576389992,
    "meta": 1627317516774,
    "relativePath": "animation/foe5"
  },
  "b6546c5e-54b2-449c-9e8d-21fd6709a3f6": {
    "asset": 1571754589000,
    "meta": 1627317516775,
    "relativePath": "animation/foe3/stand.anim"
  },
  "3f3a3c0a-ba3e-40c5-8c3f-c10413bfcd89": {
    "asset": 1571754589000,
    "meta": 1627317516777,
    "relativePath": "animation/foe5/born.anim"
  },
  "cadad915-3046-4e96-b315-ca31cf2f2c6a": {
    "asset": 1571754589000,
    "meta": 1627317516779,
    "relativePath": "animation/foe5/corpse.anim"
  },
  "e88d56b6-f661-4746-98c0-a803645fd141": {
    "asset": 1571754589000,
    "meta": 1627317516781,
    "relativePath": "animation/foe5/pre_atk_down.anim"
  },
  "f5d4ae3a-784b-4362-994e-219bf74f8169": {
    "asset": 1571754589000,
    "meta": 1627317516782,
    "relativePath": "animation/foe5/dead.anim"
  },
  "9dbd0440-6cd4-46ac-9f18-2a429115c835": {
    "asset": 1571754589000,
    "meta": 1627317516784,
    "relativePath": "animation/foe5/pre_atk_up.anim"
  },
  "36730765-b157-4432-b85c-0171c45eb502": {
    "asset": 1571754589000,
    "meta": 1627317516785,
    "relativePath": "animation/foe5/pre_atk_right.anim"
  },
  "4269fdc6-44a3-421c-a4e5-70772847707d": {
    "asset": 1571754589000,
    "meta": 1627317516793,
    "relativePath": "animation/foe5/run_down.anim"
  },
  "e8b7e48a-5da3-4ff0-89c5-c77be19a95bb": {
    "asset": 1571754589000,
    "meta": 1627317516795,
    "relativePath": "animation/foe5/run_right.anim"
  },
  "ad67eaf2-d097-4731-9174-77b1c6b9dbff": {
    "asset": 1571754589000,
    "meta": 1627317516803,
    "relativePath": "animation/foe5/stand.anim"
  },
  "2894e25e-0765-4b6e-8d5e-8095cdcd82e4": {
    "asset": 1606576390000,
    "meta": 1627317516804,
    "relativePath": "animation/fx"
  },
  "c436b3b2-4e58-44fc-810b-ac5b690a4300": {
    "asset": 1571754589000,
    "meta": 1627317516806,
    "relativePath": "animation/foe5/run_up.anim"
  },
  "a2b85759-42e9-4059-97d9-6ef0a007b447": {
    "asset": 1571754589000,
    "meta": 1627317516811,
    "relativePath": "animation/fx/blade.anim"
  },
  "5e82ed01-f1ca-41c0-aa67-8bfcfbef8c8c": {
    "asset": 1571754589000,
    "meta": 1627317516814,
    "relativePath": "animation/fx/arrow-break.anim"
  },
  "eb80fd56-6bb5-4d02-b69e-4c12f13c2f5b": {
    "asset": 1571754589000,
    "meta": 1627317516818,
    "relativePath": "animation/fx/blood.anim"
  },
  "590d6d3f-64af-401d-bd01-b8cb84124b57": {
    "asset": 1627307763441,
    "meta": 1627317516820,
    "relativePath": "animation/home_buybox.anim"
  },
  "feb4ff4d-60a8-41f8-8011-d80f790d55b7": {
    "asset": 1627480315004,
    "meta": 1627480315014,
    "relativePath": "animation/home_buybox1.anim"
  },
  "8125423d-2c3c-4780-b483-dcfd4532c05f": {
    "asset": 1627480640311,
    "meta": 1627480640330,
    "relativePath": "animation/menu_intro.anim"
  },
  "95bc1c50-a456-4845-a533-5a8d8d2fd16b": {
    "asset": 1627231664980,
    "meta": 1627317516833,
    "relativePath": "animation/menu_back.anim"
  },
  "56ac03dd-7577-44d7-b430-0554b7485fb3": {
    "asset": 1606576390009,
    "meta": 1627317516834,
    "relativePath": "animation/player"
  },
  "1660b590-5c1f-4bdd-93f4-68a273d62739": {
    "asset": 1571754589000,
    "meta": 1627317516839,
    "relativePath": "animation/player/corpse.anim"
  },
  "8f47fedc-254c-4de6-8c9a-725154f2396b": {
    "asset": 1627226384035,
    "meta": 1627317516841,
    "relativePath": "animation/menu_reset.anim"
  },
  "40deef23-4451-4bfc-8312-9c58535b5f00": {
    "asset": 1571754589000,
    "meta": 1627317516847,
    "relativePath": "animation/player/run_down.anim"
  },
  "c3ead79b-d92d-4190-bf38-f047f1935937": {
    "asset": 1571754589000,
    "meta": 1627317516848,
    "relativePath": "animation/player/dead.anim"
  },
  "70744f42-5408-4041-a3ec-fecd0d8f0e09": {
    "asset": 1571754589000,
    "meta": 1627317516850,
    "relativePath": "animation/player/run_up.anim"
  },
  "d6a0aa44-828b-4002-8cb3-84239e7e525b": {
    "asset": 1571754589000,
    "meta": 1627317516851,
    "relativePath": "animation/player/run_right.anim"
  },
  "4cc83ac8-eb26-438c-8a6c-1d74913cdd8e": {
    "asset": 1571754589000,
    "meta": 1627317516854,
    "relativePath": "animation/revive.anim"
  },
  "fd96e99a-1f67-4d4b-a310-34f847d7fdf2": {
    "asset": 1571754589000,
    "meta": 1627317516856,
    "relativePath": "animation/player/stand.anim"
  },
  "1472f312-9671-4996-a036-34c3f3c1bd41": {
    "asset": 1631888360053,
    "meta": 1631888360075,
    "relativePath": "animation/shop_intro.anim"
  },
  "68c4d91b-ba25-408a-9588-89f1e5b5fc64": {
    "asset": 1614267060322,
    "meta": 1627317516863,
    "relativePath": "animation/shop_outro.anim"
  },
  "848b2e65-93ba-4411-be84-8e836dd5b25f": {
    "asset": 1614267060326,
    "meta": 1627317516867,
    "relativePath": "animation/shop_reset.anim"
  },
  "135b6b20-b6db-4ea7-93ee-e401064b64ec": {
    "asset": 1571754589000,
    "meta": 1627317516868,
    "relativePath": "animation/slash.anim"
  },
  "55ba02c2-d269-4d81-8fb0-61645f4b7a59": {
    "asset": 1614266992985,
    "meta": 1627317516869,
    "relativePath": "animation/tabs"
  },
  "f64f87e6-913b-43b6-b4e9-4fafa5775951": {
    "asset": 1614267060334,
    "meta": 1627317516871,
    "relativePath": "animation/tabs/tab_turnbig.anim"
  },
  "9b0fae77-fbf5-4946-801c-cbe58255a152": {
    "asset": 1571754589000,
    "meta": 1627317516872,
    "relativePath": "animation/start.anim"
  },
  "d439ab37-43d4-4c55-88ec-efbb1c548a36": {
    "asset": 1606576390020,
    "meta": 1627317516874,
    "relativePath": "animation/ui"
  },
  "7ec8ee3b-013d-4ae6-90e2-0446bac580fd": {
    "asset": 1614267060351,
    "meta": 1627317516879,
    "relativePath": "animation/tabs/tab_turnsmall.anim"
  },
  "3486bc7c-9c08-4153-a77d-fee3a76b90b3": {
    "asset": 1571754589000,
    "meta": 1627317516881,
    "relativePath": "animation/ui/combo-pop.anim"
  },
  "da8181fc-1e11-435a-bb40-364feb513cb0": {
    "asset": 1571754589000,
    "meta": 1627317516885,
    "relativePath": "animation/ui/kill-pop.anim"
  },
  "f3ec22e4-a1cf-4f56-b93c-f54c8d9f8017": {
    "asset": 1571754589000,
    "meta": 1627317516886,
    "relativePath": "animation/ui/turn-red.anim"
  },
  "7d07f909-a703-43c0-9adc-7a8b6c607fbf": {
    "asset": 1571754589000,
    "meta": 1627317516909,
    "relativePath": "animation/ui/wave-pop.anim"
  },
  "981e3dd0-810f-4835-abfd-da02610f62e4": {
    "asset": 1639408527179,
    "meta": 1639408580421,
    "relativePath": "font"
  },
  "996de4ee-6e0c-4c3c-b136-6129dc1f685e": {
    "asset": 1571754589000,
    "meta": 1627317519732,
    "relativePath": "font/Averia Serif.ttf"
  },
  "3af0120c-c239-4535-9558-1895321116af": {
    "asset": 1571754589000,
    "meta": 1627317526990,
    "relativePath": "font/averia.fnt"
  },
  "325f7868-3535-4be3-b0d8-1719f3e38950": {
    "asset": 1571754589000,
    "meta": 1627317519772,
    "relativePath": "font/averia.png"
  },
  "c2a8c517-28d8-4e2a-9a87-0ebf19b8caf7": {
    "asset": 1571754589000,
    "meta": 1627317526992,
    "relativePath": "font/broken_num.fnt"
  },
  "ce8f2ad5-a316-4653-ba49-398b4f04557f": {
    "asset": 1566532020000,
    "meta": 1627317526996,
    "relativePath": "font/haibao_outline.fnt"
  },
  "bfde5be9-3034-456b-97e5-d9351f1ec196": {
    "asset": 1639381800000,
    "meta": 1639408580473,
    "relativePath": "font/broken_num.png"
  },
  "1316ed6c-3cd7-469b-8f14-ab659123629c": {
    "asset": 1566532020000,
    "meta": 1627317526997,
    "relativePath": "font/haibao_shadow.fnt"
  },
  "0c2bef11-b494-4511-9c56-f5195e65f929": {
    "asset": 1566532020000,
    "meta": 1627317519836,
    "relativePath": "font/haibao_shadow.png"
  },
  "164cbe9b-04a6-4d09-8f82-4f034d5a7408": {
    "asset": 1571754589000,
    "meta": 1627317527000,
    "relativePath": "font/over_score.fnt"
  },
  "225ed31a-60be-425b-b94a-dd19050730a4": {
    "asset": 1566532020000,
    "meta": 1627317519847,
    "relativePath": "font/haibao_outline.png"
  },
  "3ba3c15a-2356-41c7-af60-e57c1e2e377f": {
    "asset": 1571754589000,
    "meta": 1627317519861,
    "relativePath": "font/over_score.png"
  },
  "91e747f2-08b7-4d7a-a973-07ffcf4ab667": {
    "asset": 1626098868276,
    "meta": 1627317519867,
    "relativePath": "i18n"
  },
  "17835636-8394-47d5-87d1-a04da05e372a": {
    "asset": 1566532020000,
    "meta": 1627317519960,
    "relativePath": "ItemList.js"
  },
  "84c0afd3-7108-4943-9952-6326388146ba": {
    "asset": 1566532020000,
    "meta": 1627317519994,
    "relativePath": "ItemTemplate.js"
  },
  "8e8389f2-f9da-44eb-962a-11c2cc38264a": {
    "asset": 1571754589000,
    "meta": 1627317520003,
    "relativePath": "menuAnim.anim"
  },
  "0219b0c2-ef17-4a0a-8012-01a06afacab6": {
    "asset": 1614267059099,
    "meta": 1627317520003,
    "relativePath": "migration"
  },
  "84a694c2-de89-405a-9bad-6bbe1d40d2f9": {
    "asset": 1614267049792,
    "meta": 1627317520020,
    "relativePath": "migration/use_reversed_rotateBy.js"
  },
  "17572dd6-7748-45e7-82d3-6cccdfbf2e09": {
    "asset": 1614267049788,
    "meta": 1627317520034,
    "relativePath": "migration/use_reversed_rotateTo.js"
  },
  "717fd090-62a5-4d96-aa04-539d2e5dba07": {
    "asset": 1614267049795,
    "meta": 1627317520051,
    "relativePath": "migration/use_v2.1-2.2.1_cc.Toggle_event.js"
  },
  "70014815-b90d-4830-bbda-7e997ffb86bd": {
    "asset": 1571754589000,
    "meta": 1627317520073,
    "relativePath": "migration/use_v2.1.x_cc.Action.js"
  },
  "ba5259a1-9c2e-4acf-96aa-9ed85e7abad2": {
    "asset": 1606576390189,
    "meta": 1627317520080,
    "relativePath": "particles"
  },
  "3e607e1c-7b50-4bc5-8ab8-142fe99042d6": {
    "asset": 1571754589000,
    "meta": 1627317527034,
    "relativePath": "particles/fxAsh.plist"
  },
  "f0446b89-f249-460f-9354-c8ff6d80d9ca": {
    "asset": 1571754589000,
    "meta": 1627317527036,
    "relativePath": "particles/fxBlood.plist"
  },
  "a38f33b8-5f2a-47ee-bdd6-849564cab41b": {
    "asset": 1571754589000,
    "meta": 1627317527044,
    "relativePath": "particles/fxProgress.plist"
  },
  "f3ffd92b-aa1f-4ed9-aac3-9718afa95047": {
    "asset": 1571754589000,
    "meta": 1627317527045,
    "relativePath": "particles/fxSmoke.plist"
  },
  "de6d47e5-011f-4c10-a385-1cd318777662": {
    "asset": 1658556346047,
    "meta": 1658556346146,
    "relativePath": "home.fire"
  },
  "c68fde64-2495-48df-821e-4bada06a949d": {
    "asset": 1627218981662,
    "meta": 1627317520118,
    "relativePath": "plist"
  },
  "95e2b40f-de21-4028-9f43-523492593df2": {
    "asset": 1571754589000,
    "meta": 1627317527053,
    "relativePath": "particles/playerTrail.plist"
  },
  "28ce961c-38bf-43b3-b200-41ae29a336f8": {
    "asset": 1627216263794,
    "meta": 1627317527150,
    "relativePath": "plist/bg_eff01.plist"
  },
  "b441adeb-2be7-414e-b64c-497501acf9f2": {
    "asset": 1627216762145,
    "meta": 1627317527154,
    "relativePath": "plist/bg_eff02.plist"
  },
  "865a348f-e6c0-468a-ab65-618cd7b6e2b8": {
    "asset": 1627218738556,
    "meta": 1627317527160,
    "relativePath": "plist/bg_eff05.plist"
  },
  "47af2de3-a509-4fb5-b8cb-ff76af247e32": {
    "asset": 1627216844279,
    "meta": 1627317527168,
    "relativePath": "plist/bg_eff03.plist"
  },
  "fcab71dd-ef1e-4fc1-bccc-ead5aaa4278d": {
    "asset": 1627217726163,
    "meta": 1627317527170,
    "relativePath": "plist/bg_eff06.plist"
  },
  "d53bd665-3d58-4732-85c1-45cd39d41b92": {
    "asset": 1627217984757,
    "meta": 1627317527174,
    "relativePath": "plist/bg_eff08.plist"
  },
  "79017264-e3af-4691-a6fb-f96a07e11c26": {
    "asset": 1627218488080,
    "meta": 1627317527182,
    "relativePath": "plist/bg_eff09.plist"
  },
  "8b5ae19f-e4ad-487d-baf9-9571e2e55135": {
    "asset": 1627218193130,
    "meta": 1627317527186,
    "relativePath": "plist/box_ju.plist"
  },
  "82362d62-464e-47be-8a35-137bed43cf9e": {
    "asset": 1627217089772,
    "meta": 1627317527193,
    "relativePath": "plist/box_light.plist"
  },
  "24d95fa2-52bd-41b2-8591-0bcf6968d7a1": {
    "asset": 1627214760544,
    "meta": 1627317527194,
    "relativePath": "plist/btn_eff.plist"
  },
  "70653365-bb58-4fc8-89a0-7d7926a49ecb": {
    "asset": 1627216389608,
    "meta": 1627317527201,
    "relativePath": "plist/goldBomb2.plist"
  },
  "bb3f2674-1357-4c9a-89c0-94331ace541e": {
    "asset": 1627216432039,
    "meta": 1627317527214,
    "relativePath": "plist/hero_bg.plist"
  },
  "91718656-b4c2-4604-a869-f27543829b02": {
    "asset": 1627214475819,
    "meta": 1627317527220,
    "relativePath": "plist/glow.plist"
  },
  "4f824009-83ae-4085-ad8c-00461f663751": {
    "asset": 1627214617144,
    "meta": 1627317527227,
    "relativePath": "plist/ilike2.plist"
  },
  "ec83e1a9-9c95-4dbc-ba2d-a6384e6fdb97": {
    "asset": 1627216604492,
    "meta": 1627317527229,
    "relativePath": "plist/kuang.plist"
  },
  "e71e6e34-6c06-4311-8489-1167806c623d": {
    "asset": 1627216646282,
    "meta": 1627317527236,
    "relativePath": "plist/lang.plist"
  },
  "df09b222-8746-40ec-9e4f-e59d11fcf791": {
    "asset": 1627214075334,
    "meta": 1627317527237,
    "relativePath": "plist/lasr.plist"
  },
  "1b352c9a-9edc-4d22-a3f2-34eeafcb624f": {
    "asset": 1627216694985,
    "meta": 1627317527245,
    "relativePath": "plist/light.plist"
  },
  "6e01a163-3218-405c-8646-cd37d7d9d4de": {
    "asset": 1627216729704,
    "meta": 1627317527249,
    "relativePath": "plist/light1.plist"
  },
  "ba054a40-aeb4-42ca-a4e3-b17820a37992": {
    "asset": 1627213974523,
    "meta": 1627317527250,
    "relativePath": "plist/popo.plist"
  },
  "dc163a4e-d9df-493a-b311-52b2a4fc9f3a": {
    "asset": 1627217797893,
    "meta": 1627317527254,
    "relativePath": "plist/ripple.plist"
  },
  "c6da67a5-02e1-4277-bdf3-9d8048c18ac7": {
    "asset": 1627217046015,
    "meta": 1627317527260,
    "relativePath": "plist/spiral.plist"
  },
  "dbd411f1-871c-42ca-ac01-cd670f607c42": {
    "asset": 1627214104182,
    "meta": 1627317527266,
    "relativePath": "plist/stars.plist"
  },
  "207de3d2-d1a1-400e-b26f-c9153effb6da": {
    "asset": 1627218881679,
    "meta": 1627317527267,
    "relativePath": "plist/shudu_gc.plist"
  },
  "468efa36-196a-4fbe-acc3-202b77d8a270": {
    "asset": 1627218981657,
    "meta": 1627317527272,
    "relativePath": "plist/yyyy.plist"
  },
  "ea5f8ad8-a96f-46d9-ac12-46f0498de79d": {
    "asset": 1640149843839,
    "meta": 1640321038205,
    "relativePath": "prefab"
  },
  "f6a08fb1-7b2e-4370-b52c-ef14213ff162": {
    "asset": 1627216948752,
    "meta": 1627317527275,
    "relativePath": "plist/xuanguang_b.plist"
  },
  "545a996b-c8df-4faa-98e1-dabadcd20781": {
    "asset": 1614267060786,
    "meta": 1627317520240,
    "relativePath": "prefab/item.prefab"
  },
  "7dcea4ce-4408-49b7-8c04-07c86ea7cda6": {
    "asset": 1625310513375,
    "meta": 1627317520243,
    "relativePath": "prefab/lightning.prefab"
  },
  "96231260-d61f-4781-b91c-28dfb21262d7": {
    "asset": 1614267061040,
    "meta": 1627317520248,
    "relativePath": "prefab/tab.prefab"
  },
  "094b3503-dcf1-45bc-8f56-8f226be2f563": {
    "asset": 1626359201570,
    "meta": 1627317520251,
    "relativePath": "runtime-scripts"
  },
  "744dcb38-0c27-4da6-b361-1b4c70aba14a": {
    "asset": 1542874242000,
    "meta": 1627317520410,
    "relativePath": "runtime-scripts/LocalizedLabel.js"
  },
  "f34acd86-1a25-4e05-b1ba-5e57ef8183f8": {
    "asset": 1626099327758,
    "meta": 1627317520448,
    "relativePath": "runtime-scripts/LocalizedSprite.js"
  },
  "e26fdf72-cbae-40e2-adff-264a559c5620": {
    "asset": 1542874242000,
    "meta": 1627317520540,
    "relativePath": "runtime-scripts/polyglot.min.js"
  },
  "9701943c-d23a-44d9-87f3-e336ee09906a": {
    "asset": 1542874242000,
    "meta": 1627317520553,
    "relativePath": "runtime-scripts/SpriteFrameSet.js"
  },
  "4f376050-5d4c-42e1-98c1-b81e2bf800c1": {
    "asset": 1640328528028,
    "meta": 1640329048056,
    "relativePath": "scripts"
  },
  "d6ff4915-3127-4e87-bbba-5b0844ad1e84": {
    "asset": 1571754589000,
    "meta": 1627317521087,
    "relativePath": "scripts/AnimHelper.js"
  },
  "16ee7667-b0f0-424f-836e-35534b249cf6": {
    "asset": 1619950329710,
    "meta": 1627317521159,
    "relativePath": "scripts/BGPool.js"
  },
  "f5d10137-a10f-46fc-b96f-359972d12d98": {
    "asset": 1566532020000,
    "meta": 1627317521245,
    "relativePath": "scripts/ButtonScaler.js"
  },
  "76318726-4096-4e75-a08e-ddb4f8ce2096": {
    "asset": 1616431361357,
    "meta": 1627317521269,
    "relativePath": "scripts/camera.js"
  },
  "4762ca84-dfc3-479f-8e75-f8d8569d0e54": {
    "asset": 1571754589000,
    "meta": 1627317521528,
    "relativePath": "scripts/NodePool.js"
  },
  "e5284448-3a1d-42e0-9cb3-7daeb8955f65": {
    "asset": 1566532020000,
    "meta": 1627317521546,
    "relativePath": "scripts/PanelTransition.js"
  },
  "78c7d3e7-9792-45fe-9e46-0c7110458382": {
    "asset": 1571754589000,
    "meta": 1627317521726,
    "relativePath": "scripts/ShowMask.js"
  },
  "6907fabb-e47d-4422-b2e6-8ff005060f81": {
    "asset": 1566532020000,
    "meta": 1627317521741,
    "relativePath": "scripts/SubBtnsUI.js"
  },
  "5c7e7d96-a19b-4655-ae9d-e9ae094b33d9": {
    "asset": 1614266993037,
    "meta": 1627317521741,
    "relativePath": "scripts/tabs"
  },
  "1bc0e640-0857-4adb-8874-52ccadade3aa": {
    "asset": 1566532020000,
    "meta": 1627317521766,
    "relativePath": "scripts/tabs/MainMenu.js"
  },
  "95628183-0d26-4862-9244-36a5e5bdca5c": {
    "asset": 1566532020000,
    "meta": 1627317521796,
    "relativePath": "scripts/tabs/MenuSidebar.js"
  },
  "622085c9-abd6-42da-8343-79019c6c269b": {
    "asset": 1566532020000,
    "meta": 1627317521819,
    "relativePath": "scripts/tabs/TabCtrl.js"
  },
  "5693a035-97f2-448a-ae92-3d22043eb129": {
    "asset": 1619924950384,
    "meta": 1627317521839,
    "relativePath": "scripts/Types.js"
  },
  "ea4a0901-0a45-4a29-b382-e20ad9613c86": {
    "asset": 1627186570943,
    "meta": 1627317521853,
    "relativePath": "scripts/UI"
  },
  "178aab9f-1560-4c8c-a10c-52704dab21e5": {
    "asset": 1571754589000,
    "meta": 1627317521868,
    "relativePath": "scripts/UI/BossProgress.js"
  },
  "d75640a7-f7e3-4e33-a61f-1c75fbcecc8e": {
    "asset": 1571754589000,
    "meta": 1627317521885,
    "relativePath": "scripts/UI/ButtonScaler1.js"
  },
  "0966fdff-b2fb-4acc-845d-f87c06dcac9d": {
    "asset": 1571754589000,
    "meta": 1627317521904,
    "relativePath": "scripts/UI/DeathUI.js"
  },
  "aa77b732-d4c9-40dd-b44b-f33a6ea45a03": {
    "asset": 1571754589000,
    "meta": 1627317521940,
    "relativePath": "scripts/UI/HomeUI1.js"
  },
  "8df10888-588e-4982-b705-b3fe40946b43": {
    "asset": 1571754589000,
    "meta": 1627317521961,
    "relativePath": "scripts/UI/InGameUI.js"
  },
  "a90aaec6-d6ae-4034-918a-96751c03a48b": {
    "asset": 1571754589000,
    "meta": 1627317521982,
    "relativePath": "scripts/UI/WaveProgress.js"
  },
  "389b4c8d-b0b6-43f2-8257-95e73429fceb": {
    "asset": 1571754589000,
    "meta": 1627317521995,
    "relativePath": "scripts/UI/WaveUI.js"
  },
  "44ace3a4-046e-43ad-8875-04c4402d679c": {
    "asset": 1614267061439,
    "meta": 1627317522000,
    "relativePath": "tab_turn_big.anim"
  },
  "5a996125-6c2e-4557-a687-d81c92cd5b70": {
    "asset": 1614267061442,
    "meta": 1627317522003,
    "relativePath": "tab_turn_small.anim"
  },
  "95b675c2-0823-4990-8745-7d5fe26d755d": {
    "asset": 1640335173101,
    "meta": 1640335536292,
    "relativePath": "textures"
  },
  "b1662a71-4e39-4939-ac9a-80b21f6bc2c2": {
    "asset": 1639577265068,
    "meta": 1639584047725,
    "relativePath": "textures/background"
  },
  "6fb4f547-6efb-400a-a665-8c2d2bb9f1dc": {
    "asset": 1625299608146,
    "meta": 1627317522045,
    "relativePath": "textures/background.jpg"
  },
  "5b5072a7-bc69-4cca-ade5-a4591ffce923": {
    "asset": 1617929304000,
    "meta": 1627317522076,
    "relativePath": "textures/background/ba_bg_1a_022343.jpg"
  },
  "79b1b429-4e78-4a7b-b68a-34c6b1db218e": {
    "asset": 1617872108000,
    "meta": 1627317522094,
    "relativePath": "textures/background/ba_bg_1a_0f0f0f.jpg"
  },
  "64ca05ef-8161-44fa-8e51-e5d4553c42f8": {
    "asset": 1616754072000,
    "meta": 1627317522155,
    "relativePath": "textures/background/ba_bg_2b_201e33.jpg"
  },
  "1489f3c6-9018-4a25-af85-b23fb8ca395d": {
    "asset": 1617014954000,
    "meta": 1627317522215,
    "relativePath": "textures/background/ba_bg_3b.jpg"
  },
  "3d1d60a3-53c8-4d86-a0e7-60f31df0fbb0": {
    "asset": 1625299996802,
    "meta": 1627317522547,
    "relativePath": "textures/bg_account.png"
  },
  "08ad489b-b564-4dda-b21b-cefa56e30daa": {
    "asset": 1625391228049,
    "meta": 1627317522548,
    "relativePath": "textures/bg_down.png"
  },
  "528baa60-6d70-4e46-8cbb-bc0f97d1503e": {
    "asset": 1566532020000,
    "meta": 1627317522580,
    "relativePath": "textures/bg_gradient_mask.png"
  },
  "39eb2daa-5407-45b7-99ae-ac4f820e2e77": {
    "asset": 1625394088637,
    "meta": 1627317522592,
    "relativePath": "textures/bg_message.png"
  },
  "aa49599a-b0e6-4fe5-a5b3-e2abf4700f42": {
    "asset": 1625300895152,
    "meta": 1627317522626,
    "relativePath": "textures/bg_token.png"
  },
  "ef4d4a61-48de-4ce9-8707-578a0e53dd0c": {
    "asset": 1625394684071,
    "meta": 1627317522634,
    "relativePath": "textures/box_body.png"
  },
  "2e13c0eb-145a-41ed-a33e-42373810946a": {
    "asset": 1625394382317,
    "meta": 1627317522648,
    "relativePath": "textures/box_green.png"
  },
  "f9e50640-45fc-4d76-8d00-0d524a28dd94": {
    "asset": 1625394698324,
    "meta": 1627317522651,
    "relativePath": "textures/box_foot.png"
  },
  "dfe6fdb9-3b6b-47e2-82be-688635f0835c": {
    "asset": 1625394669651,
    "meta": 1627317522664,
    "relativePath": "textures/box_head.png"
  },
  "c37cf4f5-402f-4767-9c18-159e6400d54d": {
    "asset": 1625394586091,
    "meta": 1627317522671,
    "relativePath": "textures/box_left.png"
  },
  "18c3af8a-d7b9-4f05-98d9-350f85ec5958": {
    "asset": 1625394510537,
    "meta": 1627317522841,
    "relativePath": "textures/box_red.png"
  },
  "065d57f2-0ba7-47d8-b047-19826365574c": {
    "asset": 1625394555401,
    "meta": 1627317522843,
    "relativePath": "textures/box_right.png"
  },
  "a486eeeb-8210-4bda-850f-fe6a4a24e4b7": {
    "asset": 1625393995666,
    "meta": 1627317522857,
    "relativePath": "textures/btn_1.png"
  },
  "52df3e0b-a743-492e-8183-47468ec794e9": {
    "asset": 1625394015540,
    "meta": 1627317522864,
    "relativePath": "textures/btn_10.png"
  },
  "a2a09e2c-2b83-4382-b352-558cd5116b0d": {
    "asset": 1625393974138,
    "meta": 1627317522884,
    "relativePath": "textures/btn_5.png"
  },
  "0adf210f-c67b-4f95-83a0-e0b341b9592b": {
    "asset": 1626507334875,
    "meta": 1627317522887,
    "relativePath": "textures/btn_accept.png"
  },
  "fb8357cc-d180-4e83-9dcf-c21fa7a441ab": {
    "asset": 1626488699509,
    "meta": 1634401357212,
    "relativePath": "textures/btn_change0.png"
  },
  "bf2df279-d953-4a30-b652-58c59761abff": {
    "asset": 1625393961392,
    "meta": 1627317522901,
    "relativePath": "textures/btn_buybox.png"
  },
  "08c2a588-a663-4895-8a1e-4cd297cef0d8": {
    "asset": 1626484319970,
    "meta": 1627317522916,
    "relativePath": "textures/btn_close.png"
  },
  "6886dfc6-bde9-4f5c-90e5-460097a9e239": {
    "asset": 1626507309089,
    "meta": 1627317522931,
    "relativePath": "textures/btn_dont.png"
  },
  "fedfd894-e3a6-40dc-a948-d3804062399d": {
    "asset": 1626507407471,
    "meta": 1627317522932,
    "relativePath": "textures/btn_dot0.png"
  },
  "9deb375d-53d9-42c1-908f-f1358b7f209f": {
    "asset": 1626507443402,
    "meta": 1627317522946,
    "relativePath": "textures/btn_dot1.png"
  },
  "7b0e5dc2-050a-433a-8258-2b97dd35e776": {
    "asset": 1626507535306,
    "meta": 1627317522947,
    "relativePath": "textures/btn_dot2.png"
  },
  "7dc04bed-41a8-4f20-8f12-66c17e2a4255": {
    "asset": 1626507566310,
    "meta": 1627317522964,
    "relativePath": "textures/btn_dot3.png"
  },
  "713ba5eb-750e-44cc-968a-b9267def90fa": {
    "asset": 1625326285131,
    "meta": 1627317523602,
    "relativePath": "textures/home_box.png"
  },
  "6726c6a9-aa54-47b5-98f2-c7c928414496": {
    "asset": 1625392479185,
    "meta": 1627317523701,
    "relativePath": "textures/icon_box.png"
  },
  "9509c6eb-dd6d-4d9f-b8b0-2a0eb2e20c5f": {
    "asset": 1625304130719,
    "meta": 1627317523711,
    "relativePath": "textures/icon_ccc.png"
  },
  "9f92c18f-28ea-4ea1-9caf-cdca35f97776": {
    "asset": 1625392447401,
    "meta": 1627317523715,
    "relativePath": "textures/icon_defi.png"
  },
  "66f89995-5ca7-4024-bc8c-92e2839c4537": {
    "asset": 1625300657482,
    "meta": 1627317523741,
    "relativePath": "textures/icon_eos.png"
  },
  "ff42bed9-740e-42b6-b256-92bac1bf2ede": {
    "asset": 1625392425831,
    "meta": 1627317523764,
    "relativePath": "textures/icon_home.png"
  },
  "f73bb6a7-6cc0-4827-a62f-9d0108f760ab": {
    "asset": 1625392375221,
    "meta": 1627317523773,
    "relativePath": "textures/icon_market.png"
  },
  "7635bc75-18da-40ff-b2ac-305adc5cbac4": {
    "asset": 1625392464845,
    "meta": 1627317523780,
    "relativePath": "textures/icon_nft.png"
  },
  "c38a5604-bd82-48bc-aa8d-6458c2b70f5e": {
    "asset": 1625392520871,
    "meta": 1627317523797,
    "relativePath": "textures/icon_risk.png"
  },
  "26b1dff5-8941-4080-b5d3-9fe8b6ce0854": {
    "asset": 1625301195534,
    "meta": 1627317523804,
    "relativePath": "textures/icon_setting.png"
  },
  "948b22a0-6e6b-4ad5-90ed-4e0cd0d099a3": {
    "asset": 1625394109843,
    "meta": 1627317523816,
    "relativePath": "textures/icon_speaker.png"
  },
  "6d6b729a-12ae-497d-a844-47008606b9be": {
    "asset": 1625323757096,
    "meta": 1627317523840,
    "relativePath": "textures/laser.png"
  },
  "d6a99f0d-1f96-41f1-b4d5-0a81928ded8b": {
    "asset": 1626484823191,
    "meta": 1627317524479,
    "relativePath": "textures/pan_dot.png"
  },
  "84295f96-011c-4869-a370-63c85adaf9d8": {
    "asset": 1626488328064,
    "meta": 1627317524508,
    "relativePath": "textures/pan_big.png"
  },
  "6a12e70c-6c3f-4e1d-a7d0-8b5ae279506f": {
    "asset": 1626484681256,
    "meta": 1627317524532,
    "relativePath": "textures/pan_mid.png"
  },
  "45d26969-90eb-4092-bc85-0bc74d811d99": {
    "asset": 1626488069684,
    "meta": 1627317524542,
    "relativePath": "textures/pan_small.png"
  },
  "4ac85aea-60d8-4f78-9b30-6b8c627f13b9": {
    "asset": 1566532020000,
    "meta": 1627317526542,
    "relativePath": "textures/timer_bar.png"
  },
  "8241bc51-cd62-498f-89fb-9aa26c3ec321": {
    "asset": 1566532020000,
    "meta": 1627317526552,
    "relativePath": "textures/timer_slot.png"
  },
  "8d1e3998-ea38-4133-b609-0f5f4147a600": {
    "asset": 1571754589000,
    "meta": 1627317526553,
    "relativePath": "textures/singleColor.png"
  },
  "037e4b5d-1e39-4341-ac87-ca3724dd8cbb": {
    "asset": 1625387005965,
    "meta": 1627317526630,
    "relativePath": "vfx"
  },
  "c34bebd2-2d20-4991-8474-79d856629d90": {
    "asset": 1625387645322,
    "meta": 1627317526631,
    "relativePath": "vfx/lightning"
  },
  "2bf5b026-77e2-4c16-9499-d29c98963cd9": {
    "asset": 1625389298845,
    "meta": 1627317526642,
    "relativePath": "vfx/lightning.anim"
  },
  "01933224-d12f-4018-a76e-00868f09f611": {
    "asset": 1625387579327,
    "meta": 1627317526669,
    "relativePath": "vfx/lightning/1572-1.png"
  },
  "bc9fdb86-33b9-4852-9824-33b7fc9ac358": {
    "asset": 1625387591060,
    "meta": 1627317526671,
    "relativePath": "vfx/lightning/1572-2.png"
  },
  "88cf0934-ca90-4219-bdd6-c2e81186ddcf": {
    "asset": 1625387620654,
    "meta": 1627317526692,
    "relativePath": "vfx/lightning/1572-4.png"
  },
  "79f793b1-9f96-4982-80e8-0bb498fddc0a": {
    "asset": 1625387604728,
    "meta": 1627317526693,
    "relativePath": "vfx/lightning/1572-3.png"
  },
  "a5181f50-a789-40d1-867d-71f06cc871fc": {
    "asset": 1625387645320,
    "meta": 1627317526715,
    "relativePath": "vfx/lightning/1572-6.png"
  },
  "b84dc595-f822-4bd1-b861-42e6dbfe60ab": {
    "asset": 1625387633519,
    "meta": 1627317526716,
    "relativePath": "vfx/lightning/1572-5.png"
  },
  "2a90d03d-684a-4962-a5b8-b5701ea64815": {
    "asset": 1627403087404,
    "meta": 1627403087422,
    "relativePath": "animation/home_buybox5.anim"
  },
  "a83695fe-fee9-4e58-82f4-b22439e045ab": {
    "asset": 1630756249446,
    "meta": 1630756251827,
    "relativePath": "textures/icon_que.png"
  },
  "0d1be8d2-126a-47ff-98b1-a312d104d167": {
    "asset": 1632567530171,
    "meta": 1632567530181,
    "relativePath": "animation/box_none.anim"
  },
  "93fbad38-7194-47ab-9820-230d18daeea2": {
    "asset": 1631891661800,
    "meta": 1631891661817,
    "relativePath": "animation/box_turnright.anim"
  },
  "4b8f4424-a91e-4e5f-ad84-a7d5e9c659ba": {
    "asset": 1632009694050,
    "meta": 1637328131787,
    "relativePath": "textures/btn_orange.png"
  },
  "c6c235a7-2a7e-4e78-b3df-98fd886283f6": {
    "asset": 1632009740957,
    "meta": 1632579243451,
    "relativePath": "textures/btn_blue.png"
  },
  "2c9449b5-ef2c-4702-ba63-35baae938404": {
    "asset": 1632009716601,
    "meta": 1636877984475,
    "relativePath": "textures/btn_pink.png"
  },
  "4978a81f-613f-48ce-973c-b4d6bc93dde3": {
    "asset": 1632010463697,
    "meta": 1632010479904,
    "relativePath": "textures/boxlogo.png"
  },
  "345fd1a0-4c41-45bd-b16e-d542732fa7c5": {
    "asset": 1632237712648,
    "meta": 1632237712671,
    "relativePath": "prefab/box.prefab"
  },
  "5aa3e379-1356-4b45-84e6-c407dfcfc4de": {
    "asset": 1632018191999,
    "meta": 1634401554176,
    "relativePath": "textures/btn_change1.png"
  },
  "d0de2f7d-c27b-474f-bb5f-d4936c291615": {
    "asset": 1604417400215,
    "meta": 1632748880837,
    "relativePath": "scripts/eos16.0.0.min.js"
  },
  "0ec41e5e-9317-42cb-ba8e-a7984f4d16de": {
    "asset": 1604417409750,
    "meta": 1632748875238,
    "relativePath": "scripts/scatterjs-core.min.js"
  },
  "22c6b622-dd31-408a-8658-817b28b058e5": {
    "asset": 1604417419544,
    "meta": 1632748860772,
    "relativePath": "scripts/scatterjs-plugin-eosjs.min.js"
  },
  "ff077489-5958-4d2b-8639-c1b83ff38e87": {
    "asset": 1632567549659,
    "meta": 1632567549673,
    "relativePath": "animation/box_none_intro.anim"
  },
  "50aabdb7-5cfa-480e-a821-bbb7808ef508": {
    "asset": 1632567565155,
    "meta": 1632567565173,
    "relativePath": "animation/box_none_outro.anim"
  },
  "126efd54-ea81-4533-a893-272642169841": {
    "asset": 1633868984758,
    "meta": 1633868984777,
    "relativePath": "animation/box_open.anim"
  },
  "9c976236-df94-4f90-a954-4a3d28c5b571": {
    "asset": 1632754084545,
    "meta": 1632754128939,
    "relativePath": "scripts/lang.js"
  },
  "328c296f-b676-44d5-a226-0198781cd607": {
    "asset": 499162500000,
    "meta": 1633605568692,
    "relativePath": "scripts/async.min.js"
  },
  "03e01578-a986-4b21-91ec-1246fe7817c1": {
    "asset": 1628695635000,
    "meta": 1634138407315,
    "relativePath": "scripts/runtime.js"
  },
  "61de0eb6-9f87-49ed-933d-fd776e9a8ce7": {
    "asset": 1633878593941,
    "meta": 1633878649507,
    "relativePath": "runtime-scripts/LanguageData.js"
  },
  "5016eed1-dbb2-4fcd-a644-8026dc4d80ce": {
    "asset": 1635262804009,
    "meta": 1635262806334,
    "relativePath": "textures/success.png"
  },
  "9557456b-c527-4f12-9dce-be609efb2e0a": {
    "asset": 1637080522889,
    "meta": 1637080527568,
    "relativePath": "scripts/message.js"
  },
  "0e84fd6a-f836-4c2c-b631-8953a95394e9": {
    "asset": 1637512656866,
    "meta": 1637512656883,
    "relativePath": "prefab/weapslot.prefab"
  },
  "8b8e96e2-b1fd-464b-8a7d-1109d53b52bb": {
    "asset": 1637884267299,
    "meta": 1637884274123,
    "relativePath": "textures/stage01.jpg"
  },
  "62113d65-6284-49dc-8bb2-44ef5c0188cc": {
    "asset": 1644846050721,
    "meta": 1644846050743,
    "relativePath": "prefab/stage.prefab"
  },
  "b6ca4a51-d0e3-415b-8091-6650acf9df1d": {
    "asset": 1638116336144,
    "meta": 1638116769515,
    "relativePath": "scripts/stage.js"
  },
  "66ef7d4d-faa2-49d6-9241-65fc1cc1797d": {
    "asset": 1638202909632,
    "meta": 1638202953287,
    "relativePath": "atlas.zip"
  },
  "a8d7f8d9-951a-4e09-b521-7095bc9051ba": {
    "asset": 1639194423705,
    "meta": 1639210501339,
    "relativePath": "animation/foe6"
  },
  "378f9a25-8669-4c5d-a97c-f9438f735f3a": {
    "asset": 1639194857869,
    "meta": 1639194857888,
    "relativePath": "animation/foe6/corpse.anim"
  },
  "914776d3-9634-4836-96d1-926b18b99bf1": {
    "asset": 1639194808166,
    "meta": 1639194808194,
    "relativePath": "animation/foe6/dead.anim"
  },
  "9e631fde-a31f-4537-a96e-ca0d4e95fb63": {
    "asset": 1639194937201,
    "meta": 1639194937221,
    "relativePath": "animation/foe6/pre_atk_down.anim"
  },
  "eefc6288-08e6-43c3-9ab3-fd31855ca25d": {
    "asset": 1639194965870,
    "meta": 1639194965882,
    "relativePath": "animation/foe6/pre_atk_right.anim"
  },
  "611a4ea7-4bf4-44ce-ba59-f41904f2b95d": {
    "asset": 1639194908983,
    "meta": 1639194908998,
    "relativePath": "animation/foe6/pre_atk_up.anim"
  },
  "d75b30a2-0666-42a6-bfdb-c149eaa66700": {
    "asset": 1639194639225,
    "meta": 1639194639238,
    "relativePath": "animation/foe6/run_down.anim"
  },
  "307f59d8-df62-4622-b555-b9f882d64bb9": {
    "asset": 1639194546151,
    "meta": 1639194546171,
    "relativePath": "animation/foe6/run_right.anim"
  },
  "df1f5874-f20b-462a-ab09-4b67fc94a6bf": {
    "asset": 1639194610762,
    "meta": 1639194610787,
    "relativePath": "animation/foe6/run_up.anim"
  },
  "99d0644c-8026-4be8-9a1f-0b86ec851c2b": {
    "asset": 1639194768017,
    "meta": 1639194768038,
    "relativePath": "animation/foe6/stand.anim"
  },
  "53dc08f7-bbc5-42a0-b17d-c9ba708cd5ec": {
    "asset": 1639201844040,
    "meta": 1639201844047,
    "relativePath": "animation/fireball.anim"
  },
  "d01ca7bb-4a14-4cd9-88d6-1d0128cfb6e3": {
    "asset": 1639121902000,
    "meta": 1639211166744,
    "relativePath": "textures/end-board.png"
  },
  "bf41a6c9-8336-4051-800b-afbfb7438dff": {
    "asset": 1639230923934,
    "meta": 1639230924051,
    "relativePath": "textures/cryptocycle1.png"
  },
  "7eba6e77-7eb6-4d5d-a5e6-e9974bf258a6": {
    "asset": 1639232351741,
    "meta": 1639232365360,
    "relativePath": "textures/icon_time.png"
  },
  "ecf9cc47-1356-44d9-a79a-aaef5c5cdc67": {
    "asset": 1639232404290,
    "meta": 1639232408470,
    "relativePath": "textures/icon_bqklt.png"
  },
  "16cb89ce-984c-475b-b32c-8e0565da9799": {
    "asset": 1639233064694,
    "meta": 1639233067427,
    "relativePath": "textures/jiangbei.png"
  },
  "8301ad09-38f7-4445-a1ae-efc617ab5a73": {
    "asset": 1639323526864,
    "meta": 1639323528678,
    "relativePath": "textures/icon_bqklt2.png"
  },
  "a8267ff2-b673-44b6-a1e6-cb59897fd10a": {
    "asset": 1639323510000,
    "meta": 1639323593712,
    "relativePath": "textures/icon_heart.png"
  },
  "120a4e2a-cffa-4c68-ad25-723a60d84e35": {
    "asset": 1639324879000,
    "meta": 1639324964187,
    "relativePath": "textures/icon_bqklt3.png"
  },
  "f8d837c1-a4b6-4212-a8a3-e41bef061459": {
    "asset": 1639400837827,
    "meta": 1639400841782,
    "relativePath": "scripts/Game.js"
  },
  "c3ee4125-556b-41d8-bce2-af4879bffa30": {
    "asset": 1639410850436,
    "meta": 1639410855961,
    "relativePath": "scripts/UI/GameOverUI.js"
  },
  "b345f867-5c17-4740-9203-168441eb2969": {
    "asset": 1639577982000,
    "meta": 1639577990258,
    "relativePath": "textures/coin.png"
  },
  "63c50a9c-5935-4608-9f74-c1eaa360b721": {
    "asset": 1639581273947,
    "meta": 1639581281318,
    "relativePath": "textures/btn_referral.png"
  },
  "39ad5f45-6652-4b21-883c-47ee7f7ffa43": {
    "asset": 1639581243850,
    "meta": 1639581281322,
    "relativePath": "textures/btn_refer.png"
  },
  "7ce6875c-beef-4c45-b360-fbb32d0d21a4": {
    "asset": 1639804865872,
    "meta": 1639805001897,
    "relativePath": "scripts/PanelUI.js"
  },
  "fe2fb5cb-4131-4fc4-a887-f1305887e46d": {
    "asset": 1640331284715,
    "meta": 1640331298187,
    "relativePath": "scripts/TipPanelUI.js"
  },
  "f397f0f1-3665-451a-9da5-cfcb66a3edff": {
    "asset": 1640331685646,
    "meta": 1640331707128,
    "relativePath": "scripts/comPanelUI.js"
  },
  "46419364-26c3-4ab8-9a35-812e1000b554": {
    "asset": 1640331994711,
    "meta": 1640331997413,
    "relativePath": "i18n/en.js"
  },
  "01b0adc0-62b2-4244-a510-5f60bf33719f": {
    "asset": 1640331947946,
    "meta": 1640331997459,
    "relativePath": "i18n/zh.js"
  },
  "f407c18b-f08f-41fa-8bd9-e87eb9235f94": {
    "asset": 1640335108479,
    "meta": 1640335173326,
    "relativePath": "textures/stage02.jpg"
  },
  "358e7666-5688-4900-b80c-bffcf603c468": {
    "asset": 1641550703026,
    "meta": 1641550712709,
    "relativePath": "scripts/BulletScreen.js"
  },
  "72e405b0-ac4a-429e-9f49-11c7e1687a2c": {
    "asset": 1658555881381,
    "meta": 1658555884643,
    "relativePath": "scripts/CCCManager.js"
  },
  "803823c3-1a5d-497f-89ef-cdaab5832395": {
    "asset": 1658556071410,
    "meta": 1658556074075,
    "relativePath": "scripts/HomeUI.js"
  }
}