{
  "version": "1.1.1",
  "windows": {
    "main": {
      "main": true,
      "url": "app://editor/index.html",
      "windowType": "dockable",
      "x": 0,
      "y": 24,
      "width": 1440,
      "height": 798,
      "layout": {
        "children": [
          {
            "children": [
              {
                "active": 0,
                "children": [
                  "hierarchy"
                ],
                "height": 286,
                "type": "panel",
                "width": 342
              },
              {
                "active": 0,
                "children": [
                  "assets",
                  "cloud-function"
                ],
                "height": 428,
                "type": "panel",
                "width": 342
              }
            ],
            "height": 717,
            "type": "dock-v",
            "width": 342
          },
          {
            "children": [
              {
                "children": [
                  {
                    "active": 0,
                    "children": [
                      "scene"
                    ],
                    "height": 445,
                    "type": "panel",
                    "width": 483
                  },
                  {
                    "active": 0,
                    "children": [
                      "node-library"
                    ],
                    "height": 445,
                    "type": "panel",
                    "width": 264
                  }
                ],
                "height": 445,
                "type": "dock-h",
                "width": 750
              },
              {
                "active": 0,
                "children": [
                  "console",
                  "timeline",
                  "game-window"
                ],
                "height": 269,
                "type": "panel",
                "width": 750
              }
            ],
            "height": 717,
            "type": "dock-v",
            "width": 750
          },
          {
            "active": 0,
            "children": [
              "inspector",
              "cocos-services"
            ],
            "height": 717,
            "type": "panel",
            "width": 342
          }
        ],
        "type": "dock-h"
      },
      "panels": [
        "hierarchy",
        "assets",
        "cloud-function",
        "scene",
        "node-library",
        "console",
        "timeline",
        "game-window",
        "inspector",
        "cocos-services"
      ]
    }
  },
  "panels": {
    "project-settings": {
      "x": 440,
      "y": 141,
      "width": 584,
      "height": 548
    },
    "builder": {
      "x": 150,
      "y": 61,
      "width": 500,
      "height": 722
    },
    "sprite-editor": {
      "x": 470,
      "y": 145,
      "width": 500,
      "height": 522
    },
    "timeline": {
      "x": 0,
      "y": 0,
      "width": 1440,
      "height": 900
    },
    "store": {
      "x": 220,
      "y": 41,
      "width": 1000,
      "height": 722
    },
    "i18n": {
      "x": 863,
      "y": 410,
      "width": 400,
      "height": 322
    },
    "package-manager": {
      "x": 470,
      "y": 23,
      "width": 504,
      "height": 801
    },
    "ui-kit-preview": {
      "x": 320,
      "y": 89,
      "width": 800,
      "height": 622
    },
    "ui-kit-preview-extra": {
      "x": 320,
      "y": 89,
      "width": 800,
      "height": 622
    },
    "package-asset.import": {
      "x": 520,
      "y": 129,
      "width": 404,
      "height": 568
    },
    "preferences": {
      "x": 440,
      "y": 139,
      "width": 584,
      "height": 548
    },
    "package-asset.export": {
      "x": 520,
      "y": 133,
      "width": 404,
      "height": 568
    }
  },
  "panelLabelWidth": {
    "inspector": null,
    "builder": null,
    "preferences": null
  }
}
